@_fa,link,prism:url,dc:identifier,eid,dc:title,dc:creator,prism:publicationName,prism:eIssn,prism:volume,prism:issueIdentifier,prism:pageRange,prism:coverDate,prism:coverDisplayDate,prism:doi,citedby-count,affiliation,prism:aggregationType,subtype,subtypeDescription,article-number,source-id,openaccess,openaccessFlag,freetoread.value,freetoreadLabel.value,pubmed-id,prism:issn
true,"[{'@_fa': 'true', '@ref': 'self', '@href': 'https://api.elsevier.com/content/abstract/scopus_id/85196422712'}, {'@_fa': 'true', '@ref': 'author-affiliation', '@href': 'https://api.elsevier.com/content/abstract/scopus_id/85196422712?field=author,affiliation'}, {'@_fa': 'true', '@ref': 'scopus', '@href': 'https://www.scopus.com/inward/record.uri?partnerID=HzOxMe3b&scp=85196422712&origin=inward'}, {'@_fa': 'true', '@ref': 'scopus-citedby', '@href': 'https://www.scopus.com/inward/citedby.uri?partnerID=HzOxMe3b&scp=85196422712&origin=inward'}]",https://api.elsevier.com/content/abstract/scopus_id/85196422712,SCOPUS_ID:85196422712,2-s2.0-85196422712,Mindfulness-based interventions for improving mental health of frontline healthcare professionals during the COVID-19 pandemic: a systematic review,Benavides-Gil G.,Systematic Reviews,20464053,13,1,,2024-12-01,December 2024,10.1186/s13643-024-02574-5,0,"[{'@_fa': 'true', 'affilname': 'Universidad Miguel Hernández de Elche', 'affiliation-city': 'Elche', 'affiliation-country': 'Spain'}]",Journal,ar,Article,160,21100237425,1,True,"all, publisherfullgold","[{'$': 'All Open Access'}, {'$': 'Gold'}]",,
true,"[{'@_fa': 'true', '@ref': 'self', '@href': 'https://api.elsevier.com/content/abstract/scopus_id/85196156602'}, {'@_fa': 'true', '@ref': 'author-affiliation', '@href': 'https://api.elsevier.com/content/abstract/scopus_id/85196156602?field=author,affiliation'}, {'@_fa': 'true', '@ref': 'scopus', '@href': 'https://www.scopus.com/inward/record.uri?partnerID=HzOxMe3b&scp=85196156602&origin=inward'}, {'@_fa': 'true', '@ref': 'scopus-citedby', '@href': 'https://www.scopus.com/inward/citedby.uri?partnerID=HzOxMe3b&scp=85196156602&origin=inward'}]",https://api.elsevier.com/content/abstract/scopus_id/85196156602,SCOPUS_ID:85196156602,2-s2.0-85196156602,Efficacy and safety of omega-3 fatty acids supplementation for anxiety symptoms: a systematic review and dose-response meta-analysis of randomized controlled trials,Bafkar N.,BMC Psychiatry,1471244X,24,1,,2024-12-01,December 2024,10.1186/s12888-024-05881-2,0,"[{'@_fa': 'true', 'affilname': 'School of Nutritional Sciences and Dietetics', 'affiliation-city': 'Tehran', 'affiliation-country': 'Iran'}]",Journal,ar,Article,455,14260,1,True,"all, publisherfullgold","[{'$': 'All Open Access'}, {'$': 'Gold'}]",38890670,
true,"[{'@_fa': 'true', '@ref': 'self', '@href': 'https://api.elsevier.com/content/abstract/scopus_id/85196115487'}, {'@_fa': 'true', '@ref': 'author-affiliation', '@href': 'https://api.elsevier.com/content/abstract/scopus_id/85196115487?field=author,affiliation'}, {'@_fa': 'true', '@ref': 'scopus', '@href': 'https://www.scopus.com/inward/record.uri?partnerID=HzOxMe3b&scp=85196115487&origin=inward'}, {'@_fa': 'true', '@ref': 'scopus-citedby', '@href': 'https://www.scopus.com/inward/citedby.uri?partnerID=HzOxMe3b&scp=85196115487&origin=inward'}]",https://api.elsevier.com/content/abstract/scopus_id/85196115487,SCOPUS_ID:85196115487,2-s2.0-85196115487,A systematic review on the efficacy of adjunctive surgical strategies during microvascular decompression for trigeminal neuralgia without intraoperative evidence of neurovascular conflict,Montano N.,Neurosurgical Review,14372320,47,1,,2024-12-01,December 2024,10.1007/s10143-024-02498-7,0,"[{'@_fa': 'true', 'affilname': 'Fondazione Policlinico Universitario Agostino Gemelli IRCCS', 'affiliation-city': 'Rome', 'affiliation-country': 'Italy'}, {'@_fa': 'true', 'affilname': 'Università Cattolica del Sacro Cuore, Campus di Roma', 'affiliation-city': 'Rome', 'affiliation-country': 'Italy'}]",Journal,re,Review,276,22097,0,False,,,38884812,03445607
true,"[{'@_fa': 'true', '@ref': 'self', '@href': 'https://api.elsevier.com/content/abstract/scopus_id/85196086633'}, {'@_fa': 'true', '@ref': 'author-affiliation', '@href': 'https://api.elsevier.com/content/abstract/scopus_id/85196086633?field=author,affiliation'}, {'@_fa': 'true', '@ref': 'scopus', '@href': 'https://www.scopus.com/inward/record.uri?partnerID=HzOxMe3b&scp=85196086633&origin=inward'}, {'@_fa': 'true', '@ref': 'scopus-citedby', '@href': 'https://www.scopus.com/inward/citedby.uri?partnerID=HzOxMe3b&scp=85196086633&origin=inward'}]",https://api.elsevier.com/content/abstract/scopus_id/85196086633,SCOPUS_ID:85196086633,2-s2.0-85196086633,Influence of elastomeric and steel ligatures on periodontal health during fixed appliance orthodontic treatment: a systematic review and meta-analysis,Hussain U.,Progress in Orthodontics,21961042,25,1,,2024-12-01,December 2024,10.1186/s40510-024-00520-8,0,"[{'@_fa': 'true', 'affilname': 'Saidu Medical College', 'affiliation-city': 'Swat', 'affiliation-country': 'Pakistan'}]",Journal,re,Review,24,91796,1,True,"all, publisherfullgold","[{'$': 'All Open Access'}, {'$': 'Gold'}]",38880839,17237785
true,"[{'@_fa': 'true', '@ref': 'self', '@href': 'https://api.elsevier.com/content/abstract/scopus_id/85195598662'}, {'@_fa': 'true', '@ref': 'author-affiliation', '@href': 'https://api.elsevier.com/content/abstract/scopus_id/85195598662?field=author,affiliation'}, {'@_fa': 'true', '@ref': 'scopus', '@href': 'https://www.scopus.com/inward/record.uri?partnerID=HzOxMe3b&scp=85195598662&origin=inward'}, {'@_fa': 'true', '@ref': 'scopus-citedby', '@href': 'https://www.scopus.com/inward/citedby.uri?partnerID=HzOxMe3b&scp=85195598662&origin=inward'}]",https://api.elsevier.com/content/abstract/scopus_id/85195598662,SCOPUS_ID:85195598662,2-s2.0-85195598662,Effect of zinc supplementation on glycemic biomarkers: an umbrella of interventional meta-analyses,Daneshvar M.,Diabetology and Metabolic Syndrome,17585996,16,1,,2024-12-01,December 2024,10.1186/s13098-024-01366-0,0,"[{'@_fa': 'true', 'affilname': 'Tehran University of Medical Sciences', 'affiliation-city': 'Tehran', 'affiliation-country': 'Iran'}]",Journal,re,Review,124,19700174930,1,True,"all, publisherfullgold","[{'$': 'All Open Access'}, {'$': 'Gold'}]",,
true,"[{'@_fa': 'true', '@ref': 'self', '@href': 'https://api.elsevier.com/content/abstract/scopus_id/85195533502'}, {'@_fa': 'true', '@ref': 'author-affiliation', '@href': 'https://api.elsevier.com/content/abstract/scopus_id/85195533502?field=author,affiliation'}, {'@_fa': 'true', '@ref': 'scopus', '@href': 'https://www.scopus.com/inward/record.uri?partnerID=HzOxMe3b&scp=85195533502&origin=inward'}, {'@_fa': 'true', '@ref': 'scopus-citedby', '@href': 'https://www.scopus.com/inward/citedby.uri?partnerID=HzOxMe3b&scp=85195533502&origin=inward'}]",https://api.elsevier.com/content/abstract/scopus_id/85195533502,SCOPUS_ID:85195533502,2-s2.0-85195533502,Barriers and facilitators to implementing workplace interventions to promote mental health: qualitative evidence synthesis,Paterson C.,Systematic Reviews,20464053,13,1,,2024-12-01,December 2024,10.1186/s13643-024-02569-2,0,"[{'@_fa': 'true', 'affilname': 'University of Stirling', 'affiliation-city': 'Stirling', 'affiliation-country': 'United Kingdom'}]",Journal,ar,Article,152,21100237425,1,True,"all, publisherfullgold","[{'$': 'All Open Access'}, {'$': 'Gold'}]",38849924,
true,"[{'@_fa': 'true', '@ref': 'self', '@href': 'https://api.elsevier.com/content/abstract/scopus_id/85195438916'}, {'@_fa': 'true', '@ref': 'author-affiliation', '@href': 'https://api.elsevier.com/content/abstract/scopus_id/85195438916?field=author,affiliation'}, {'@_fa': 'true', '@ref': 'scopus', '@href': 'https://www.scopus.com/inward/record.uri?partnerID=HzOxMe3b&scp=85195438916&origin=inward'}, {'@_fa': 'true', '@ref': 'scopus-citedby', '@href': 'https://www.scopus.com/inward/citedby.uri?partnerID=HzOxMe3b&scp=85195438916&origin=inward'}]",https://api.elsevier.com/content/abstract/scopus_id/85195438916,SCOPUS_ID:85195438916,2-s2.0-85195438916,Utility of thiol/disulphide homeostasis as a biomarker for acute appendicitis: a systematic review and meta-analysis,Krishnan N.,Pediatric Surgery International,14379813,40,1,,2024-12-01,December 2024,10.1007/s00383-024-05728-7,0,"[{'@_fa': 'true', 'affilname': 'All India Institute of Medical Sciences, New Delhi', 'affiliation-city': 'New Delhi', 'affiliation-country': 'India'}]",Journal,re,Review,152,22163,0,False,,,38847871,01790358
true,"[{'@_fa': 'true', '@ref': 'self', '@href': 'https://api.elsevier.com/content/abstract/scopus_id/85195353625'}, {'@_fa': 'true', '@ref': 'author-affiliation', '@href': 'https://api.elsevier.com/content/abstract/scopus_id/85195353625?field=author,affiliation'}, {'@_fa': 'true', '@ref': 'scopus', '@href': 'https://www.scopus.com/inward/record.uri?partnerID=HzOxMe3b&scp=85195353625&origin=inward'}, {'@_fa': 'true', '@ref': 'scopus-citedby', '@href': 'https://www.scopus.com/inward/citedby.uri?partnerID=HzOxMe3b&scp=85195353625&origin=inward'}]",https://api.elsevier.com/content/abstract/scopus_id/85195353625,SCOPUS_ID:85195353625,2-s2.0-85195353625,The impact of immunosuppression on the mortality and hospitalization of Monkeypox: a systematic review and meta-analysis of the 2022 outbreak,Azzam A.,Virology Journal,1743422X,21,1,,2024-12-01,December 2024,10.1186/s12985-024-02392-0,0,"[{'@_fa': 'true', 'affilname': 'Faculty of Pharmacy', 'affiliation-city': 'Helwan', 'affiliation-country': 'Egypt'}]",Journal,ar,Article,130,130035,1,True,"all, publisherfullgold","[{'$': 'All Open Access'}, {'$': 'Gold'}]",38840177,
true,"[{'@_fa': 'true', '@ref': 'self', '@href': 'https://api.elsevier.com/content/abstract/scopus_id/85195014060'}, {'@_fa': 'true', '@ref': 'author-affiliation', '@href': 'https://api.elsevier.com/content/abstract/scopus_id/85195014060?field=author,affiliation'}, {'@_fa': 'true', '@ref': 'scopus', '@href': 'https://www.scopus.com/inward/record.uri?partnerID=HzOxMe3b&scp=85195014060&origin=inward'}, {'@_fa': 'true', '@ref': 'scopus-citedby', '@href': 'https://www.scopus.com/inward/citedby.uri?partnerID=HzOxMe3b&scp=85195014060&origin=inward'}]",https://api.elsevier.com/content/abstract/scopus_id/85195014060,SCOPUS_ID:85195014060,2-s2.0-85195014060,75 years’ journey of malaria publications in English: what and where?,Deora N.,Malaria Journal,14752875,23,1,,2024-12-01,December 2024,10.1186/s12936-024-04992-1,0,"[{'@_fa': 'true', 'affilname': 'National Institute of Malaria Research India', 'affiliation-city': 'New Delhi', 'affiliation-country': 'India'}, {'@_fa': 'true', 'affilname': 'Kumaun University India', 'affiliation-city': 'Nainital', 'affiliation-country': 'India'}]",Journal,ar,Article,172,22911,1,True,"all, publisherfullgold","[{'$': 'All Open Access'}, {'$': 'Gold'}]",38825698,
true,"[{'@_fa': 'true', '@ref': 'self', '@href': 'https://api.elsevier.com/content/abstract/scopus_id/85195009149'}, {'@_fa': 'true', '@ref': 'author-affiliation', '@href': 'https://api.elsevier.com/content/abstract/scopus_id/85195009149?field=author,affiliation'}, {'@_fa': 'true', '@ref': 'scopus', '@href': 'https://www.scopus.com/inward/record.uri?partnerID=HzOxMe3b&scp=85195009149&origin=inward'}, {'@_fa': 'true', '@ref': 'scopus-citedby', '@href': 'https://www.scopus.com/inward/citedby.uri?partnerID=HzOxMe3b&scp=85195009149&origin=inward'}]",https://api.elsevier.com/content/abstract/scopus_id/85195009149,SCOPUS_ID:85195009149,2-s2.0-85195009149,"Sharper vision, steady hands: can robots improve subretinal drug delivery? Systematic review",Łajczak P.M.,Journal of Robotic Surgery,18632491,18,1,,2024-12-01,December 2024,10.1007/s11701-024-01991-x,0,"[{'@_fa': 'true', 'affilname': 'Slaski Uniwersytet Medyczny w Katowicach', 'affiliation-city': 'Katowice', 'affiliation-country': 'Poland'}]",Journal,re,Review,235,6400153172,1,True,"all, publisherhybridgold","[{'$': 'All Open Access'}, {'$': 'Hybrid Gold'}]",38819533,18632483
true,"[{'@_fa': 'true', '@ref': 'self', '@href': 'https://api.elsevier.com/content/abstract/scopus_id/85194992309'}, {'@_fa': 'true', '@ref': 'author-affiliation', '@href': 'https://api.elsevier.com/content/abstract/scopus_id/85194992309?field=author,affiliation'}, {'@_fa': 'true', '@ref': 'scopus', '@href': 'https://www.scopus.com/inward/record.uri?partnerID=HzOxMe3b&scp=85194992309&origin=inward'}, {'@_fa': 'true', '@ref': 'scopus-citedby', '@href': 'https://www.scopus.com/inward/citedby.uri?partnerID=HzOxMe3b&scp=85194992309&origin=inward'}]",https://api.elsevier.com/content/abstract/scopus_id/85194992309,SCOPUS_ID:85194992309,2-s2.0-85194992309,Association of vitamin D receptor genetic polymorphisms with the risk of infertility: a systematic review and meta-analysis,Moradkhani A.,BMC Pregnancy and Childbirth,14712393,24,1,,2024-12-01,December 2024,10.1186/s12884-024-06590-0,0,"[{'@_fa': 'true', 'affilname': 'Kurdistan University of Medical Sciences', 'affiliation-city': 'Sanandaj', 'affiliation-country': 'Iran'}]",Journal,ar,Article,398,12550,1,True,"all, publisherfullgold","[{'$': 'All Open Access'}, {'$': 'Gold'}]",38816754,
true,"[{'@_fa': 'true', '@ref': 'self', '@href': 'https://api.elsevier.com/content/abstract/scopus_id/85194835747'}, {'@_fa': 'true', '@ref': 'author-affiliation', '@href': 'https://api.elsevier.com/content/abstract/scopus_id/85194835747?field=author,affiliation'}, {'@_fa': 'true', '@ref': 'scopus', '@href': 'https://www.scopus.com/inward/record.uri?partnerID=HzOxMe3b&scp=85194835747&origin=inward'}, {'@_fa': 'true', '@ref': 'scopus-citedby', '@href': 'https://www.scopus.com/inward/citedby.uri?partnerID=HzOxMe3b&scp=85194835747&origin=inward'}]",https://api.elsevier.com/content/abstract/scopus_id/85194835747,SCOPUS_ID:85194835747,2-s2.0-85194835747,Systematic review and meta-analysis of association between plasminogen activator inhibitor-1 4G/5G polymorphism and recurrent pregnancy loss: an update,Maghsudlu M.,Thrombosis Journal,14779560,22,1,,2024-12-01,December 2024,10.1186/s12959-024-00612-9,0,"[{'@_fa': 'true', 'affilname': 'Tehran University of Medical Sciences', 'affiliation-city': 'Tehran', 'affiliation-country': 'Iran'}]",Journal,re,Review,44,20645,1,True,"all, publisherfullgold","[{'$': 'All Open Access'}, {'$': 'Gold'}]",,
true,"[{'@_fa': 'true', '@ref': 'self', '@href': 'https://api.elsevier.com/content/abstract/scopus_id/85194828622'}, {'@_fa': 'true', '@ref': 'author-affiliation', '@href': 'https://api.elsevier.com/content/abstract/scopus_id/85194828622?field=author,affiliation'}, {'@_fa': 'true', '@ref': 'scopus', '@href': 'https://www.scopus.com/inward/record.uri?partnerID=HzOxMe3b&scp=85194828622&origin=inward'}, {'@_fa': 'true', '@ref': 'scopus-citedby', '@href': 'https://www.scopus.com/inward/citedby.uri?partnerID=HzOxMe3b&scp=85194828622&origin=inward'}]",https://api.elsevier.com/content/abstract/scopus_id/85194828622,SCOPUS_ID:85194828622,2-s2.0-85194828622,"Impact of frailty on mortality, hospitalization, cardiovascular events, and complications in patients with diabetes mellitus: a systematic review and meta-analysis",Miao Z.,Diabetology and Metabolic Syndrome,17585996,16,1,,2024-12-01,December 2024,10.1186/s13098-024-01352-6,0,"[{'@_fa': 'true', 'affilname': 'Jinan Maternal and Child Health Hospital', 'affiliation-city': 'Jinan', 'affiliation-country': 'China'}]",Journal,ar,Article,116,19700174930,1,True,"all, publisherfullgold","[{'$': 'All Open Access'}, {'$': 'Gold'}]",,
true,"[{'@_fa': 'true', '@ref': 'self', '@href': 'https://api.elsevier.com/content/abstract/scopus_id/85194036822'}, {'@_fa': 'true', '@ref': 'author-affiliation', '@href': 'https://api.elsevier.com/content/abstract/scopus_id/85194036822?field=author,affiliation'}, {'@_fa': 'true', '@ref': 'scopus', '@href': 'https://www.scopus.com/inward/record.uri?partnerID=HzOxMe3b&scp=85194036822&origin=inward'}, {'@_fa': 'true', '@ref': 'scopus-citedby', '@href': 'https://www.scopus.com/inward/citedby.uri?partnerID=HzOxMe3b&scp=85194036822&origin=inward'}]",https://api.elsevier.com/content/abstract/scopus_id/85194036822,SCOPUS_ID:85194036822,2-s2.0-85194036822,Use of platelet-rich plasma and platelet-rich fibrin in burn wound healing and skin grafting: a systematic review,Manasyan A.,European Journal of Plastic Surgery,14350130,47,1,,2024-12-01,December 2024,10.1007/s00238-024-02190-5,0,"[{'@_fa': 'true', 'affilname': 'Keck School of Medicine of USC', 'affiliation-city': 'Los Angeles', 'affiliation-country': 'United States'}]",Journal,re,Review,59,21128,0,False,,,,0930343X
true,"[{'@_fa': 'true', '@ref': 'self', '@href': 'https://api.elsevier.com/content/abstract/scopus_id/85193980287'}, {'@_fa': 'true', '@ref': 'author-affiliation', '@href': 'https://api.elsevier.com/content/abstract/scopus_id/85193980287?field=author,affiliation'}, {'@_fa': 'true', '@ref': 'scopus', '@href': 'https://www.scopus.com/inward/record.uri?partnerID=HzOxMe3b&scp=85193980287&origin=inward'}, {'@_fa': 'true', '@ref': 'scopus-citedby', '@href': 'https://www.scopus.com/inward/citedby.uri?partnerID=HzOxMe3b&scp=85193980287&origin=inward'}]",https://api.elsevier.com/content/abstract/scopus_id/85193980287,SCOPUS_ID:85193980287,2-s2.0-85193980287,mRNA markers for survival prediction in glioblastoma multiforme patients: a systematic review with bioinformatic analyses,Azimi P.,BMC Cancer,14712407,24,1,,2024-12-01,December 2024,10.1186/s12885-024-12345-z,0,"[{'@_fa': 'true', 'affilname': 'SBUMS Neuroscience Research Center', 'affiliation-city': 'Tehran', 'affiliation-country': 'Iran'}]",Journal,re,Review,612,28747,1,True,"all, publisherfullgold","[{'$': 'All Open Access'}, {'$': 'Gold'}]",38773447,
true,"[{'@_fa': 'true', '@ref': 'self', '@href': 'https://api.elsevier.com/content/abstract/scopus_id/85193819821'}, {'@_fa': 'true', '@ref': 'author-affiliation', '@href': 'https://api.elsevier.com/content/abstract/scopus_id/85193819821?field=author,affiliation'}, {'@_fa': 'true', '@ref': 'scopus', '@href': 'https://www.scopus.com/inward/record.uri?partnerID=HzOxMe3b&scp=85193819821&origin=inward'}, {'@_fa': 'true', '@ref': 'scopus-citedby', '@href': 'https://www.scopus.com/inward/citedby.uri?partnerID=HzOxMe3b&scp=85193819821&origin=inward'}]",https://api.elsevier.com/content/abstract/scopus_id/85193819821,SCOPUS_ID:85193819821,2-s2.0-85193819821,Global prevalence of sexual dysfunction in cardiovascular patients: a systematic review and meta-analysis,Ziapour A.,Systematic Reviews,20464053,13,1,,2024-12-01,December 2024,10.1186/s13643-024-02525-0,0,"[{'@_fa': 'true', 'affilname': 'Cardiovascular Research Center, Kermanshah University of Medical Sciences', 'affiliation-city': 'Kermanshah', 'affiliation-country': 'Iran'}]",Journal,re,Review,136,21100237425,1,True,"all, publisherfullgold","[{'$': 'All Open Access'}, {'$': 'Gold'}]",38769586,
true,"[{'@_fa': 'true', '@ref': 'self', '@href': 'https://api.elsevier.com/content/abstract/scopus_id/85192885989'}, {'@_fa': 'true', '@ref': 'author-affiliation', '@href': 'https://api.elsevier.com/content/abstract/scopus_id/85192885989?field=author,affiliation'}, {'@_fa': 'true', '@ref': 'scopus', '@href': 'https://www.scopus.com/inward/record.uri?partnerID=HzOxMe3b&scp=85192885989&origin=inward'}, {'@_fa': 'true', '@ref': 'scopus-citedby', '@href': 'https://www.scopus.com/inward/citedby.uri?partnerID=HzOxMe3b&scp=85192885989&origin=inward'}]",https://api.elsevier.com/content/abstract/scopus_id/85192885989,SCOPUS_ID:85192885989,2-s2.0-85192885989,"Association of prothrombin time, thrombin time and activated partial thromboplastin time levels with preeclampsia: a systematic review and meta-analysis",Alemayehu E.,BMC Pregnancy and Childbirth,14712393,24,1,,2024-12-01,December 2024,10.1186/s12884-024-06543-7,0,"[{'@_fa': 'true', 'affilname': 'Wollo University', 'affiliation-city': 'Dessie', 'affiliation-country': 'Ethiopia'}]",Journal,ar,Article,354,12550,1,True,"all, publisherfullgold","[{'$': 'All Open Access'}, {'$': 'Gold'}]",38741046,
true,"[{'@_fa': 'true', '@ref': 'self', '@href': 'https://api.elsevier.com/content/abstract/scopus_id/85192058182'}, {'@_fa': 'true', '@ref': 'author-affiliation', '@href': 'https://api.elsevier.com/content/abstract/scopus_id/85192058182?field=author,affiliation'}, {'@_fa': 'true', '@ref': 'scopus', '@href': 'https://www.scopus.com/inward/record.uri?partnerID=HzOxMe3b&scp=85192058182&origin=inward'}, {'@_fa': 'true', '@ref': 'scopus-citedby', '@href': 'https://www.scopus.com/inward/citedby.uri?partnerID=HzOxMe3b&scp=85192058182&origin=inward'}]",https://api.elsevier.com/content/abstract/scopus_id/85192058182,SCOPUS_ID:85192058182,2-s2.0-85192058182,A systematic review and meta-analysis of randomized controlled trials on the effectiveness of high-intensity laser therapy in the management of neck pain,de la Barra Ortiz H.A.,Lasers in Medical Science,1435604X,39,1,,2024-12-01,December 2024,10.1007/s10103-024-04069-0,0,"[{'@_fa': 'true', 'affilname': 'Universidade Federal de São Carlos', 'affiliation-city': 'Sao Carlos', 'affiliation-country': 'Brazil'}, {'@_fa': 'true', 'affilname': 'Universidad Andrés Bello', 'affiliation-city': 'Santiago', 'affiliation-country': 'Chile'}]",Journal,re,Review,124,17065,0,False,,,38709332,02688921
true,"[{'@_fa': 'true', '@ref': 'self', '@href': 'https://api.elsevier.com/content/abstract/scopus_id/85191965533'}, {'@_fa': 'true', '@ref': 'author-affiliation', '@href': 'https://api.elsevier.com/content/abstract/scopus_id/85191965533?field=author,affiliation'}, {'@_fa': 'true', '@ref': 'scopus', '@href': 'https://www.scopus.com/inward/record.uri?partnerID=HzOxMe3b&scp=85191965533&origin=inward'}, {'@_fa': 'true', '@ref': 'scopus-citedby', '@href': 'https://www.scopus.com/inward/citedby.uri?partnerID=HzOxMe3b&scp=85191965533&origin=inward'}]",https://api.elsevier.com/content/abstract/scopus_id/85191965533,SCOPUS_ID:85191965533,2-s2.0-85191965533,What do we know about Aquafilling tissue filler? – A systematic review,Radziszewski M.,European Journal of Plastic Surgery,14350130,47,1,,2024-12-01,December 2024,10.1007/s00238-024-02197-y,0,"[{'@_fa': 'true', 'affilname': 'Medical University of Warsaw', 'affiliation-city': 'Warsaw', 'affiliation-country': 'Poland'}]",Journal,re,Review,49,21128,0,False,,,,0930343X
true,"[{'@_fa': 'true', '@ref': 'self', '@href': 'https://api.elsevier.com/content/abstract/scopus_id/85191834350'}, {'@_fa': 'true', '@ref': 'author-affiliation', '@href': 'https://api.elsevier.com/content/abstract/scopus_id/85191834350?field=author,affiliation'}, {'@_fa': 'true', '@ref': 'scopus', '@href': 'https://www.scopus.com/inward/record.uri?partnerID=HzOxMe3b&scp=85191834350&origin=inward'}, {'@_fa': 'true', '@ref': 'scopus-citedby', '@href': 'https://www.scopus.com/inward/citedby.uri?partnerID=HzOxMe3b&scp=85191834350&origin=inward'}]",https://api.elsevier.com/content/abstract/scopus_id/85191834350,SCOPUS_ID:85191834350,2-s2.0-85191834350,Does electrophysical agents work for cellulite treatment? a systematic review of clinical trials,Longano C.,Lasers in Medical Science,1435604X,39,1,,2024-12-01,December 2024,10.1007/s10103-024-04068-1,0,"[{'@_fa': 'true', 'affilname': 'Universidade Brasil', 'affiliation-city': 'Sao Paulo', 'affiliation-country': 'Brazil'}]",Journal,re,Review,120,17065,0,False,,,38695965,02688921
true,"[{'@_fa': 'true', '@ref': 'self', '@href': 'https://api.elsevier.com/content/abstract/scopus_id/85191380743'}, {'@_fa': 'true', '@ref': 'author-affiliation', '@href': 'https://api.elsevier.com/content/abstract/scopus_id/85191380743?field=author,affiliation'}, {'@_fa': 'true', '@ref': 'scopus', '@href': 'https://www.scopus.com/inward/record.uri?partnerID=HzOxMe3b&scp=85191380743&origin=inward'}, {'@_fa': 'true', '@ref': 'scopus-citedby', '@href': 'https://www.scopus.com/inward/citedby.uri?partnerID=HzOxMe3b&scp=85191380743&origin=inward'}]",https://api.elsevier.com/content/abstract/scopus_id/85191380743,SCOPUS_ID:85191380743,2-s2.0-85191380743,Flank versus prone position in percutaneous nephrolithotomy: a meta-analysis of randomized controlled studies,Zheng C.,Urolithiasis,21947236,52,1,,2024-12-01,December 2024,10.1007/s00240-024-01557-4,0,"[{'@_fa': 'true', 'affilname': 'Chongqing Medical University', 'affiliation-city': 'Chongqing', 'affiliation-country': 'China'}]",Journal,re,Review,70,21100223310,0,False,,,38662047,21947228
true,"[{'@_fa': 'true', '@ref': 'self', '@href': 'https://api.elsevier.com/content/abstract/scopus_id/85191351457'}, {'@_fa': 'true', '@ref': 'author-affiliation', '@href': 'https://api.elsevier.com/content/abstract/scopus_id/85191351457?field=author,affiliation'}, {'@_fa': 'true', '@ref': 'scopus', '@href': 'https://www.scopus.com/inward/record.uri?partnerID=HzOxMe3b&scp=85191351457&origin=inward'}, {'@_fa': 'true', '@ref': 'scopus-citedby', '@href': 'https://www.scopus.com/inward/citedby.uri?partnerID=HzOxMe3b&scp=85191351457&origin=inward'}]",https://api.elsevier.com/content/abstract/scopus_id/85191351457,SCOPUS_ID:85191351457,2-s2.0-85191351457,Leisure-time and occupational physical activity and risk of cardiovascular disease incidence: a systematic-review and dose-response meta-analysis of prospective cohort studies,Kazemi A.,International Journal of Behavioral Nutrition and Physical Activity,14795868,21,1,,2024-12-01,December 2024,10.1186/s12966-024-01593-8,0,"[{'@_fa': 'true', 'affilname': 'Nutrition Research Center (SUMS)', 'affiliation-city': 'Shiraz', 'affiliation-country': 'Iran'}]",Journal,re,Review,45,14875,1,True,"all, publisherfullgold","[{'$': 'All Open Access'}, {'$': 'Gold'}]",38659024,
true,"[{'@_fa': 'true', '@ref': 'self', '@href': 'https://api.elsevier.com/content/abstract/scopus_id/85191067629'}, {'@_fa': 'true', '@ref': 'author-affiliation', '@href': 'https://api.elsevier.com/content/abstract/scopus_id/85191067629?field=author,affiliation'}, {'@_fa': 'true', '@ref': 'scopus', '@href': 'https://www.scopus.com/inward/record.uri?partnerID=HzOxMe3b&scp=85191067629&origin=inward'}, {'@_fa': 'true', '@ref': 'scopus-citedby', '@href': 'https://www.scopus.com/inward/citedby.uri?partnerID=HzOxMe3b&scp=85191067629&origin=inward'}]",https://api.elsevier.com/content/abstract/scopus_id/85191067629,SCOPUS_ID:85191067629,2-s2.0-85191067629,Protocol for a systematic review and meta-analysis on Janus kinase inhibitors in the management of vitiligo,Pranić S.,Systematic Reviews,20464053,13,1,,2024-12-01,December 2024,10.1186/s13643-024-02522-3,0,"[{'@_fa': 'true', 'affilname': 'School of Medicine, University of Split', 'affiliation-city': 'Split', 'affiliation-country': 'Croatia'}, {'@_fa': 'true', 'affilname': 'Cochrane Croatia', 'affiliation-city': 'Split', 'affiliation-country': 'Croatia'}]",Journal,ar,Article,110,21100237425,1,True,"all, publisherfullgold","[{'$': 'All Open Access'}, {'$': 'Gold'}]",38641831,
true,"[{'@_fa': 'true', '@ref': 'self', '@href': 'https://api.elsevier.com/content/abstract/scopus_id/85190759010'}, {'@_fa': 'true', '@ref': 'author-affiliation', '@href': 'https://api.elsevier.com/content/abstract/scopus_id/85190759010?field=author,affiliation'}, {'@_fa': 'true', '@ref': 'scopus', '@href': 'https://www.scopus.com/inward/record.uri?partnerID=HzOxMe3b&scp=85190759010&origin=inward'}, {'@_fa': 'true', '@ref': 'scopus-citedby', '@href': 'https://www.scopus.com/inward/citedby.uri?partnerID=HzOxMe3b&scp=85190759010&origin=inward'}]",https://api.elsevier.com/content/abstract/scopus_id/85190759010,SCOPUS_ID:85190759010,2-s2.0-85190759010,Clinical and ex-vivo effect of LASERs on prevention of early-enamel caries: systematic review &amp; meta-analyses,Abd El-Aal N.H.,Lasers in Medical Science,1435604X,39,1,,2024-12-01,December 2024,10.1007/s10103-024-04049-4,0,"[{'@_fa': 'true', 'affilname': 'Mansoura University', 'affiliation-city': 'Mansoura', 'affiliation-country': 'Egypt'}]",Journal,re,Review,107,17065,1,True,"all, publisherhybridgold","[{'$': 'All Open Access'}, {'$': 'Hybrid Gold'}]",38635085,02688921
true,"[{'@_fa': 'true', '@ref': 'self', '@href': 'https://api.elsevier.com/content/abstract/scopus_id/85190699478'}, {'@_fa': 'true', '@ref': 'author-affiliation', '@href': 'https://api.elsevier.com/content/abstract/scopus_id/85190699478?field=author,affiliation'}, {'@_fa': 'true', '@ref': 'scopus', '@href': 'https://www.scopus.com/inward/record.uri?partnerID=HzOxMe3b&scp=85190699478&origin=inward'}, {'@_fa': 'true', '@ref': 'scopus-citedby', '@href': 'https://www.scopus.com/inward/citedby.uri?partnerID=HzOxMe3b&scp=85190699478&origin=inward'}]",https://api.elsevier.com/content/abstract/scopus_id/85190699478,SCOPUS_ID:85190699478,2-s2.0-85190699478,Analyzing global research trends and focal points in the utilization of laser techniques for the treatment of urolithiasis from 1978 to 2022: visualization and bibliometric analysis,Abushamma F.,Urolithiasis,21947236,52,1,,2024-12-01,December 2024,10.1007/s00240-024-01568-1,0,"[{'@_fa': 'true', 'affilname': 'An-Najah National University', 'affiliation-city': 'Nablus', 'affiliation-country': 'Palestine'}]",Journal,ar,Article,67,21100223310,0,False,,,38630266,21947228
